<coordinator-app xmlns = "uri:oozie:coordinator:0.2" name =
   "incremental_import" frequency = "0/20 8-18 * * MON-FRI" start = "2018-04-02T08:00Z" end = "2025-03-29T18:00Z" timezone = "US/Eastern" >
   
   <controls>
      <timeout>1</timeout>
      <concurrency>1</concurrency>
      <execution>FIFO</execution>
      <throttle>1</throttle>
   </controls>
   
   <action>
      <workflow>
         <app-path>${nameNode}/user/maria_dev/case_study/workflow_2.xml</app-path>
      </workflow>
   </action>
	
</coordinator-app>
