<workflow-app xmlns = "uri:oozie:workflow:0.2" name = "automation_increment">
   <start to = "hive_setup_temp"/>

<action name="hive_setup_temp">
        <hive xmlns="uri:oozie:hive-action:0.2">
            <job-tracker>${jobTracker}</job-tracker>
            <name-node>${nameNode}</name-node>
            <script>/user/maria_dev/case_study/setup.hql</script>
            <archive>/user/maria_dev/case_study/lib/java-json.jar#java-json.jar</archive>
        </hive>
        <ok to="extract_customer"/>
        <error to="kill_job"/>
    </action>

    <action name = "extract_customer">
      <sqoop xmlns = "uri:oozie:sqoop-action:0.2">
         <job-tracker>${jobTracker}</job-tracker>
         <name-node>${nameNode}</name-node>
         <command>job --meta-connect jdbc:hsqldb:hsql://localhost:16000/sqoop --exec sqoop_update_customer</command>
         <archive>/user/maria_dev/case_study/lib/java-json.jar#java-json.jar</archive>
      </sqoop>
      <ok to ="extract_branch" />
      <error to ="kill_job" />
   </action>

   <action name = "extract_branch">
      <sqoop xmlns = "uri:oozie:sqoop-action:0.2">
         <job-tracker>${jobTracker}</job-tracker>
         <name-node>${nameNode}</name-node>
         <command>job --meta-connect jdbc:hsqldb:hsql://localhost:16000/sqoop --exec sqoop_update_branch</command>
         <archive>/user/maria_dev/case_study/lib/java-json.jar#java-json.jar</archive>
      </sqoop>
      <ok to ="extract_time" />
      <error to ="kill_job" />
   </action>

   <action name = "extract_time">
      <sqoop xmlns = "uri:oozie:sqoop-action:0.2">
         <job-tracker>${jobTracker}</job-tracker>
         <name-node>${nameNode}</name-node>
         <command>job --meta-connect jdbc:hsqldb:hsql://localhost:16000/sqoop --exec sqoop_update_time</command>
         <archive>/user/maria_dev/case_study/lib/java-json.jar#java-json.jar</archive>
      </sqoop>
      <ok to ="extract_creditcard" />
      <error to ="kill_job" />
   </action>

   <action name = "extract_creditcard">
      <sqoop xmlns = "uri:oozie:sqoop-action:0.2">
         <job-tracker>${jobTracker}</job-tracker>
         <name-node>${nameNode}</name-node>
         <command>job --meta-connect jdbc:hsqldb:hsql://localhost:16000/sqoop --exec sqoop_update_creditcard</command>
         <archive>/user/maria_dev/case_study/lib/java-json.jar#java-json.jar</archive>
      </sqoop>
      <ok to ="hive_insert" />
      <error to ="kill_job" />
   </action>

   <action name="hive_insert">
        <hive xmlns="uri:oozie:hive-action:0.2">
            <job-tracker>${jobTracker}</job-tracker>
            <name-node>${nameNode}</name-node>
            <script>/user/maria_dev/case_study/insert.hql</script>
            <archive>/user/maria_dev/case_study/lib/java-json.jar#java-json.jar</archive>
        </hive>
        <ok to="cleanup"/>
        <error to="kill_job"/>
    </action>

    <action name="cleanup">
        <fs>
        	<delete path="${nameNode}/user/maria_dev/Credit_Card_System/CDW_SAPP_D_BRANCH/"/>
            <delete path="${nameNode}/user/maria_dev/Credit_Card_System/CDW_SAPP_D_CUSTOMER/"/>
            <delete path="${nameNode}/user/maria_dev/Credit_Card_System/CDW_SAPP_D_TIME/"/>
            <delete path="${nameNode}/user/maria_dev/Credit_Card_System/CDW_SAPP_F_CREDIT_CARD/"/>
        </fs>
        <ok to="end"/>
        <error to="kill_job"/>
    </action>


   <kill name = "kill_job">
    		<message>Job failed</message>
   </kill>
	
   <end name = "end" />
</workflow-app>
